Pair,Colex_freq_group,Associativity,Familiarity,Concreteness
"('HOLD', 'PULL')",1,0.0055,580.5,56.0
"('CALF', 'LEG')",1,0.0605,550.0,34.0
"('LAMB', 'SHEEP')",1,0.2475,513.0,11.0
"('GO', 'MOVE')",1,0.036000000000000004,595.0,53.0
"('SOUL', 'SPIRIT')",1,0.097,531.0,7.0
"('MOUSE', 'RAT')",1,0.2025,534.0,0.0
"('LEATHER', 'SKIN')",1,0.012,581.0,39.0
"('RIVER', 'VALLEY')",1,0.02,540.0,10.0
"('BAD', 'HATE')",1,0.0085,572.0,27.0
"('HAPPY', 'LOVE')",1,0.014,620.0,44.0
"('COMMAND', 'TELL')",1,0.0275,561.0,71.0
"('EYE', 'FACE')",1,0.012,611.5,35.0
"('BECAUSE', 'WHY')",1,0.4605,596.5,71.0
"('KETTLE', 'POT')",1,0.1315,564.0,18.0
"('BEAT', 'FIGHT')",1,0.011,548.5,94.0
"('LOOK', 'SEEM')",1,0.0085,578.0,150.0
"('ANGER', 'HATE')",1,0.0685,546.5,20.0
"('SIDE', 'TOP')",1,0.0215,568.5,41.0
"('CLOTHES', 'WEAR')",1,0.2975,594.0,240.0
"('COTTON', 'SHEEP')",1,0.007,514.0,14.0
"('PAIR', 'TWO')",1,0.245,570.0,6.0
"('FAMILY', 'HOME')",1,0.081,616.5,14.0
"('FLESH', 'MEAT')",1,0.047,536.0,10.0
"('BURN', 'HOT')",1,0.0405,577.5,17.0
"('INSECT', 'WORM')",1,0.006,520.0,18.0
"('DRINK', 'WATER')",1,0.1595,634.5,67.0
"('COUSIN', 'FRIEND')",1,0.03,559.0,52.0
"('COTTON', 'WOOL')",1,0.052500000000000005,530.5,0.0
"('SPEECH', 'VOICE')",1,0.01,572.5,32.0
"('FIRE', 'FOUR')",1,0.01,566.5,230.0
"('TIME', 'WHEN')",1,0.0525,606.5,124.0
"('LOBSTER', 'RED')",1,0.0415,539.5,89.0
"('CHAIR', 'SIT')",1,0.1975,599.0,169.0
"('FOUR', 'THREE')",1,0.243,567.0,74.0
"('KEEP', 'OWN')",1,0.016,591.0,22.0
"('FEEL', 'PITY')",1,0.007,552.0,21.0
"('AFTER', 'BEFORE')",1,0.715,579.0,19.0
"('GOVERNMENT', 'RULE')",1,0.02,564.0,140.0
"('CLOUD', 'DUST')",1,0.007,555.5,4.0
"('GET', 'TAKE')",1,0.08449999999999999,579.5,42.0
"('LIKE', 'LOVE')",1,0.1895,614.5,25.0
"('BE', 'THERE')",1,0.0065,608.0,9.0
"('DOG', 'HORSE')",1,0.006,579.0,3.0
"('MOTHER', 'SISTER')",1,0.012,610.0,4.0
"('PRISONER', 'SLAVE')",1,0.007,451.5,9.0
"('BORDER', 'BOUNDARY')",1,0.0765,485.0,33.0
"('BOARD', 'TABLE')",1,0.0065,572.5,39.0
"('MEDICINE', 'PILL')",1,0.122,551.5,93.0
"('ALONE', 'ONE')",1,0.0405,587.5,11.0
"('CHAIN', 'ROPE')",1,0.0195,526.0,13.0
"('SCHOOL', 'TEACH')",1,0.0425,567.0,220.0
"('KEY', 'LOCK')",1,0.3305,595.5,47.0
"('SHALLOW', 'SHORT')",1,0.0105,563.0,21.0
"('HOUR', 'TIME')",1,0.1185,606.0,32.0
"('CLOTH', 'WOOL')",1,0.007,550.5,28.0
"('CHEW', 'EAT')",1,0.08249999999999999,549.5,44.0
"('FLOAT', 'SWIM')",1,0.046,551.5,31.0
"('FOOD', 'STOMACH')",1,0.0815,563.0,20.0
"('EDGE', 'SIDE')",1,0.017,567.5,71.0
"('BITE', 'FIGHT')",1,0.0055,577.0,54.0
"('STRING', 'THREAD')",1,0.050499999999999996,544.0,37.0
"('LEARN', 'READ')",1,0.039,560.0,50.0
"('LAKE', 'WATER')",1,0.125,612.0,31.0
"('NARROW', 'SMALL')",1,0.049,581.0,30.0
"('BITE', 'EAT')",1,0.0135,561.0,23.0
"('ANT', 'INSECT')",1,0.1155,526.5,11.0
"('BLOOD', 'HEART')",1,0.0355,574.5,8.0
"('LOVE', 'MOTHER')",1,0.0205,625.5,268.0
"('BIRD', 'HEN')",1,0.01,526.5,29.0
"('SUGAR', 'SWEET')",1,0.247,589.0,157.0
"('CLEAN', 'WHITE')",1,0.024,600.0,80.0
"('HAND', 'THUMB')",1,0.142,601.0,34.0
"('BIRD', 'TREE')",1,0.01,602.5,2.0
"('HEAVY', 'LOAD')",1,0.1595,571.5,26.0
"('HAIR', 'HEAD')",1,0.11449999999999999,593.0,20.0
"('GOAT', 'RAM')",1,0.0465,468.5,95.0
"('GREEN', 'YELLOW')",1,0.1505,569.0,77.0
"('WHAT', 'WHO')",1,0.20500000000000002,603.5,59.0
"('CHAIR', 'TABLE')",1,0.535,608.0,2.0
"('COIN', 'MONEY')",1,0.2275,597.5,7.0
"('FIRE', 'HEAT')",1,0.051000000000000004,580.0,123.0
"('LAKE', 'OCEAN')",1,0.018000000000000002,554.5,8.0
"('BUY', 'SELL')",1,0.447,580.0,28.0
"('BREAD', 'DOUGH')",1,0.184,542.5,5.0
"('GOLD', 'SILVER')",1,0.5549999999999999,539.0,12.0
"('HAVE', 'KEEP')",1,0.0585,590.5,88.0
"('BALL', 'ROUND')",1,0.1245,569.0,177.0
"('PATH', 'ROAD')",1,0.129,567.5,79.0
"('BUTTERFLY', 'SOFT')",1,0.006,535.5,179.0
"('BELLY', 'SCRATCH')",1,0.007,519.5,107.0
"('DIRT', 'SOOT')",1,0.0765,480.5,1.0
"('SKY', 'UP')",1,0.0155,607.5,142.0
"('PEACE', 'WORLD')",1,0.0105,589.0,223.0
"('SHORT', 'SMALL')",1,0.0795,601.0,51.0
"('LIVER', 'LUNG')",1,0.007,513.5,48.0
"('FOX', 'TAIL')",1,0.0065,517.0,8.0
"('FATHER', 'MOTHER')",1,0.6515,611.5,15.0
"('HOLD', 'KEEP')",1,0.149,590.0,77.0
"('CRUSH', 'POUND')",1,0.01,549.0,134.0
"('BREAD', 'FOOD')",1,0.0225,595.0,25.0
"('ENOUGH', 'FULL')",1,0.058,569.5,132.0
"('GOVERNMENT', 'PRESIDENT')",1,0.0375,566.0,100.0
"('FILL', 'POUR')",1,0.0445,533.0,16.0
"('BREAST', 'CHEST')",1,0.07350000000000001,549.0,0.0
"('CHEST', 'STOMACH')",1,0.0105,545.0,37.0
"('REGRET', 'SAD')",1,0.0205,559.0,100.0
"('FLOW', 'GO')",1,0.0055,568.0,26.0
"('FRIEND', 'HUSBAND')",1,0.0055,580.0,99.0
"('FLOWER', 'WHEAT')",1,0.01,538.0,10.0
"('FIVE', 'FOUR')",1,0.253,553.0,0.0
"('PERSON', 'WOMAN')",1,0.007,621.5,18.0
"('DEAD', 'DIE')",1,0.049,575.0,71.0
"('ASH', 'FIRE')",1,0.1015,537.0,12.0
"('FEVER', 'HOT')",1,0.171,530.5,15.0
"('GRASS', 'HAY')",1,0.01,536.5,24.0
"('SHOVEL', 'SPADE')",1,0.088,520.5,16.0
"('CAR', 'VEHICLE')",1,0.37,584.0,64.0
"('BLAME', 'FAULT')",1,0.139,541.0,22.0
"('CUT', 'WOUND')",1,0.096,527.5,131.0
"('GOLD', 'YELLOW')",1,0.038,552.5,39.0
"('CLOAK', 'COVER')",1,0.0065,510.0,41.0
"('DAMAGE', 'DESTROY')",1,0.0575,554.5,39.0
"('CHEST', 'HEART')",1,0.029,560.5,25.0
"('ICE', 'SNOW')",1,0.029,589.5,3.0
"('HAIR', 'SKIN')",1,0.0235,583.0,31.0
"('MOVE', 'WALK')",1,0.014,598.5,62.0
"('LOW', 'VALLEY')",1,0.027,547.5,253.0
"('KING', 'PRESIDENT')",1,0.007,530.0,33.0
"('BAD', 'DANGER')",1,0.0105,574.5,30.0
"('COLOR', 'RED')",1,0.1445,594.5,34.0
"('RIB', 'SIDE')",1,0.01,551.0,205.0
"('SALT', 'SEA')",1,0.0055,574.5,2.0
"('CRIME', 'MURDER')",1,0.0345,532.5,58.0
"('PATH', 'STREET')",1,0.012,566.5,75.0
"('HEAD', 'SKULL')",1,0.248,557.0,33.0
"('GIRL', 'WOMAN')",1,0.0605,634.0,27.0
"('PRISON', 'PRISONER')",1,0.0185,473.5,22.0
"('MORNING', 'NIGHT')",1,0.108,620.5,19.0
"('HOW', 'WHEN')",1,0.0535,601.0,24.0
"('RIGHT', 'SIDE')",1,0.007,582.5,33.0
"('FACE', 'NOSE')",1,0.173,598.0,29.0
"('LOAD', 'WEIGHT')",1,0.01,570.0,23.0
"('GHOST', 'SPIRIT')",1,0.094,511.5,83.0
"('HEART', 'LUNG')",1,0.092,562.0,36.0
"('MUSIC', 'SONG')",1,0.1415,601.0,2.0
"('FAR', 'LONG')",1,0.0205,583.0,79.0
"('FLESH', 'SKIN')",1,0.3045,537.0,17.0
"('GUESS', 'SUSPECT')",1,0.007,536.5,132.0
"('GRAVE', 'HOLE')",1,0.0165,523.0,50.0
"('PEOPLE', 'WORLD')",1,0.022,617.5,8.0
"('LIFE', 'SOUL')",1,0.007,571.0,72.0
"('BROAD', 'WIDE')",1,0.20700000000000002,546.0,51.0
"('IRON', 'STEEL')",1,0.241,554.0,2.0
"('THING', 'WHAT')",1,0.0145,597.5,57.0
"('OCEAN', 'RIVER')",1,0.012,545.5,8.0
"('GROW', 'INCREASE')",1,0.007,576.0,94.0
"('BITE', 'STING')",1,0.022,536.5,0.0
"('CORNER', 'SQUARE')",1,0.007,566.0,17.0
"('DEMON', 'GHOST')",1,0.0165,452.0,77.0
"('FATHER', 'GOD')",1,0.007,579.0,229.0
"('DARK', 'OBSCURE')",1,0.0105,516.0,177.0
"('FROG', 'TOAD')",1,0.5455,511.5,51.0
"('ENOUGH', 'MORE')",1,0.04,578.5,38.0
"('BREAKFAST', 'MORNING')",1,0.034,631.0,61.0
"('FIRE', 'WOOD')",1,0.109,577.0,11.0
"('DROP', 'FALL')",1,0.12350000000000001,574.5,89.0
"('HUSBAND', 'MAN')",1,0.009,590.0,69.0
"('ATTACK', 'BATTLE')",1,0.007,539.5,153.0
"('BUY', 'GET')",1,0.011,589.5,80.0
"('ARROW', 'BOW')",1,0.465,489.5,23.0
"('BROTHER', 'SISTER')",1,0.642,593.0,10.0
"('BODY', 'PERSON')",1,0.0275,615.0,6.0
"('GRAPE', 'VINE')",1,0.412,471.5,10.0
"('BUTTER', 'CHEESE')",1,0.006,601.5,6.0
"('IDEA', 'MIND')",1,0.005,588.0,74.0
"('DITCH', 'HOLE')",1,0.138,528.0,70.0
"('AGE', 'TIME')",1,0.023,593.0,47.0
"('CLOTHES', 'DRESS')",1,0.041,620.0,5.0
"('AUNT', 'UNCLE')",1,0.726,555.5,16.0
"('COUSIN', 'NEPHEW')",1,0.054000000000000006,483.5,39.0
"('PLATE', 'SAUCER')",1,0.0485,544.5,11.0
"('FIRE', 'FIREPLACE')",1,0.09949999999999999,554.5,3.0
"('HOUSE', 'ROOF')",1,0.1655,576.0,22.0
"('TOWN', 'VILLAGE')",1,0.172,556.5,20.0
"('HOW', 'WHAT')",1,0.049,600.5,98.0
"('BEVERAGE', 'DRINK')",1,0.2465,628.0,0.0
"('LETTER', 'MAIL')",1,0.1935,582.0,69.0
"('CAST', 'THROW')",1,0.044,521.5,102.0
"('STORM', 'THUNDER')",1,0.08750000000000001,551.0,20.0
"('FISH', 'FOOD')",1,0.018,563.5,0.0
"('CRAB', 'LOBSTER')",1,0.1345,452.5,36.0
"('NO', 'REFUSE')",1,0.15050000000000002,561.5,108.0
"('FISH', 'MEAT')",1,0.017,568.5,10.0
"('HOW', 'WHY')",1,0.2575,591.0,72.0
"('COAST', 'SHORE')",1,0.043500000000000004,536.0,12.0
"('BRIGHT', 'LIGHTNING')",1,0.0245,527.0,52.0
"('NEWSPAPER', 'PAPER')",1,0.005,638.0,23.0
"('AIR', 'BREATH')",1,0.131,590.0,39.0
"('EWE', 'SHEEP')",1,0.104,424.0,84.0
"('CHICKEN', 'EGG')",1,0.1335,576.0,1.0
"('ANKLE', 'FOOT')",1,0.182,563.0,50.0
"('SMOOTH', 'SOFT')",1,0.1055,580.0,8.0
"('BATTLE', 'FIGHT')",1,0.08850000000000001,549.0,109.0
"('CHEST', 'LUNG')",1,0.0145,544.5,11.0
"('DREAM', 'SLEEP')",1,0.2205,581.5,98.0
"('MAN', 'PERSON')",1,0.061,621.5,56.0
"('BLUE', 'YELLOW')",1,0.034,574.0,78.0
"('FOUR', 'TWO')",1,0.051,574.5,18.0
"('CATTLE', 'HORSE')",1,0.01,535.5,13.0
"('FALL', 'JUMP')",1,0.0165,561.5,40.0
"('BREAD', 'WHEAT')",1,0.1075,560.5,28.0
"('FOOT', 'HEEL')",1,0.1145,553.5,21.0
"('HOT', 'SUMMER')",1,0.076,609.5,68.0
"('MOUNTAIN', 'VILLAGE')",1,0.007,549.0,40.0
"('NOW', 'SOON')",1,0.191,576.0,48.0
"('GROW', 'OLD')",1,0.028,589.0,60.0
"('INSECT', 'SPIDER')",1,0.0635,534.0,14.0
"('HAMMER', 'POUND')",1,0.024,566.5,90.0
"('BEGINNING', 'FIRST')",1,0.007,591.5,7.0
"('FOOD', 'FRUIT')",1,0.0085,584.5,15.0
"('CONDEMN', 'DESTROY')",1,0.0195,525.5,53.0
"('CLOTH', 'SHIRT')",1,0.009,586.5,36.0
"('CHOP', 'CUT')",1,0.194,534.0,125.0
"('FATHER', 'UNCLE')",1,0.0105,574.0,14.0
"('HEART', 'MIND')",1,0.012,584.5,272.0
"('HOUSE', 'TENT')",1,0.0275,560.5,0.0
"('STICK', 'WOOD')",1,0.025,551.0,2.0
"('BREAST', 'MILK')",1,0.053,571.5,90.0
"('WHAT', 'WHY')",1,0.082,598.5,26.0
"('RED', 'WHITE')",1,0.07150000000000001,598.5,29.0
"('BURY', 'COVER')",1,0.0445,538.0,130.0
"('EIGHT', 'FOUR')",1,0.0065,583.0,3.0
"('HIGH', 'SKY')",1,0.0155,609.5,171.0
"('PIPE', 'TOBACCO')",1,0.035500000000000004,546.5,7.0
"('MEDICINE', 'POISON')",1,0.0055,525.5,10.0
"('ELECTRICITY', 'LIGHTNING')",1,0.0345,533.0,99.0
"('MIND', 'SOUL')",1,0.017,567.5,44.0
"('CLEVER', 'CUNNING')",1,0.007,466.0,48.0
"('SERVANT', 'SLAVE')",1,0.089,427.5,24.0
"('DIVE', 'JUMP')",1,0.0515,529.5,45.0
"('LEOPARD', 'LION')",1,0.017,471.0,32.0
"('BITE', 'SCRATCH')",1,0.007,573.0,14.0
"('CLEVER', 'WISE')",1,0.014,524.0,45.0
"('TIDE', 'WAVE')",1,0.069,511.0,24.0
"('HOUSE', 'VILLAGE')",1,0.051,562.0,32.0
"('ANGER', 'GRIEF')",1,0.006,523.0,12.0
"('LAKE', 'POND')",1,0.21899999999999997,544.5,38.0
"('BABY', 'CHILD')",1,0.20700000000000002,591.0,8.0
"('COTTON', 'SILK')",1,0.0155,501.5,70.0
"('CIGARETTE', 'TOBACCO')",1,0.156,565.5,2.0
"('FAULT', 'WRONG')",1,0.037,570.5,12.0
"('CAVE', 'HOLE')",1,0.077,535.5,107.0
"('LAZY', 'SLOW')",1,0.034,580.5,61.0
"('BOY', 'MAN')",1,0.06,614.5,9.0
"('CIRCLE', 'WHEEL')",1,0.0175,573.5,58.0
"('BOWL', 'SPOON')",1,0.039,584.5,39.0
"('FRUIT', 'TREE')",1,0.0055,601.5,8.0
"('SEA', 'TIDE')",1,0.01,520.5,80.0
"('ENEMY', 'WAR')",1,0.0225,552.5,43.0
"('BOUNDARY', 'EDGE')",1,0.013,525.0,54.0
"('SHOUT', 'SING')",1,0.0055,566.5,50.0
"('DIE', 'KILL')",1,0.05,559.0,28.0
"('BAD', 'DEMON')",1,0.01,495.5,6.0
"('COLD', 'ICE')",1,0.23099999999999998,595.0,164.0
"('HEART', 'LIVER')",1,0.0205,529.5,12.0
"('BURN', 'FIRE')",1,0.1605,564.0,105.0
"('LEAF', 'TREE')",1,0.402,584.5,11.0
"('FAST', 'SOON')",1,0.007,573.5,43.0
"('DIVE', 'SWIM')",1,0.1345,529.0,12.0
"('CUT', 'GRASS')",1,0.057,584.0,169.0
"('BOY', 'NEPHEW')",1,0.027,529.0,68.0
"('ALWAYS', 'NEVER')",1,0.393,586.0,10.0
"('HOME', 'VILLAGE')",1,0.0135,575.0,37.0
"('GRIEF', 'PAIN')",1,0.0605,537.0,123.0
"('MOON', 'SUN')",1,0.22449999999999998,610.0,36.0
"('COUNTRY', 'LAND')",1,0.0305,583.0,139.0
"('CATTLE', 'SHEEP')",1,0.0235,509.0,22.0
"('BUD', 'FLOWER')",1,0.0755,515.5,35.0
"('CUT', 'SCRATCH')",1,0.035,567.0,93.0
"('CUT', 'SPLIT')",1,0.0325,547.5,13.0
"('AIR', 'SKY')",1,0.032,607.5,24.0
"('EYE', 'I')",1,0.02,619.5,151.0
"('SOME', 'THING')",1,0.0215,582.5,64.0
"('EMBRACE', 'KISS')",1,0.0135,512.5,115.0
"('HOME', 'TOWN')",1,0.011,607.5,17.0
"('BE', 'LIVE')",1,0.0055,610.5,211.0
"('BODY', 'FLESH')",1,0.008,546.5,29.0
"('LONG', 'SNAKE')",1,0.012,540.0,240.0
"('FIRST', 'ONE')",1,0.0135,601.5,68.0
"('LEAF', 'TOBACCO')",1,0.005,557.0,16.0
"('FORK', 'SPOON')",1,0.5275,598.0,22.0
"('FOREST', 'WOOD')",1,0.015,543.5,3.0
"('LOOK', 'WATCH')",1,0.08,591.5,111.0
"('BLUE', 'SKY')",1,0.403,600.0,83.0
"('CIRCLE', 'ROUND')",1,0.198,572.0,77.0
"('POST', 'WOOD')",1,0.01,580.0,73.0
"('BOW', 'HAIR')",1,0.0205,532.0,11.0
"('BAD', 'WRONG')",1,0.0205,596.0,5.0
"('SUMMER', 'SUN')",1,0.0605,623.5,178.0
"('BUNCH', 'CROWD')",1,0.024,513.0,94.0
"('BODY', 'SKIN')",1,0.0235,600.5,46.0
"('STORM', 'WIND')",1,0.0845,573.5,25.0
"('OAK', 'PINE')",1,0.0065,536.0,4.0
"('KEEP', 'TAKE')",1,0.063,569.5,7.0
"('CLOCK', 'HOUR')",1,0.0105,608.0,216.0
"('FROST', 'SNOW')",1,0.1275,580.5,10.0
"('ONE', 'OTHER')",1,0.015,597.0,104.0
"('KILL', 'SHOOT')",1,0.153,542.5,59.0
"('COLD', 'FROST')",1,0.185,586.0,151.0
"('CATERPILLAR', 'INSECT')",1,0.0305,499.5,7.0
"('AFTERNOON', 'LATE')",1,0.007,619.5,144.0
"('CHOOSE', 'TAKE')",1,0.014,544.5,24.0
"('HONEY', 'SWEET')",1,0.2255,551.5,148.0
"('CLOTHES', 'COVER')",1,0.0165,624.5,98.0
"('ANKLE', 'KNEE')",1,0.038,571.0,15.0
"('AGE', 'YEAR')",1,0.051,591.5,26.0
"('LAUGH', 'SMILE')",1,0.0985,594.0,81.0
"('LEFT', 'SIDE')",1,0.011,579.0,53.0
"('LONG', 'WIDE')",1,0.038,574.0,33.0
"('CLOTHES', 'SHIRT')",1,0.0625,632.0,16.0
"('BELT', 'WAIST')",1,0.086,545.0,39.0
"('HEAR', 'SEE')",1,0.1225,613.5,42.0
"('MOUTH', 'TOOTH')",1,0.0255,575.0,51.0
"('CHILD', 'PERSON')",1,0.007,602.5,19.0
"('ALL', 'MANY')",1,0.061,590.5,9.0
"('GOLD', 'MONEY')",1,0.051,590.5,2.0
"('GREEN', 'RED')",1,0.029500000000000002,595.0,41.0
"('COPPER', 'STEEL')",1,0.007,522.0,39.0
"('LIGHTNING', 'THUNDER')",1,0.586,506.0,22.0
"('HEAD', 'MASTER')",1,0.013,553.0,105.0
"('EAT', 'SWALLOW')",1,0.079,530.0,61.0
"('SUN', 'WEATHER')",1,0.0395,629.0,178.0
"('DO', 'MAKE')",1,0.10550000000000001,613.5,23.0
"('FOREST', 'TREE')",1,0.331,563.0,5.0
"('STORM', 'WEATHER')",1,0.046,589.0,88.0
"('BEVERAGE', 'WATER')",1,0.0105,634.5,67.0
"('BODY', 'BONE')",1,0.01,575.5,20.0
"('BOWL', 'SAUCER')",1,0.020499999999999997,545.0,31.0
"('FIRE', 'HELL')",1,0.1105,572.0,240.0
"('ROLL', 'WHEEL')",1,0.007,556.5,116.0
"('PAN', 'POT')",1,0.3185,571.5,2.0
"('GET', 'WANT')",1,0.0665,605.0,12.0
"('CLAY', 'SAND')",1,0.0075,487.0,10.0
"('BECAUSE', 'CAUSE')",1,0.0085,580.5,91.0
"('CLOUD', 'THUNDER')",1,0.006,550.0,7.0
"('FATHER', 'MAN')",1,0.024,607.0,24.0
"('ACHE', 'PAIN')",1,0.26,546.0,17.0
"('EVENING', 'LATE')",1,0.0135,607.0,177.0
"('HONEY', 'SUGAR')",1,0.013,570.5,9.0
"('BLOOD', 'RED')",1,0.192,589.0,112.0
"('DIRT', 'SPOT')",1,0.045,565.5,52.0
"('BOUNDARY', 'COUNTRY')",1,0.0165,536.5,54.0
"('DOG', 'SHEEP')",1,0.017,552.5,12.0
"('STEAL', 'THIEF')",1,0.2385,545.5,156.0
"('FEW', 'SOME')",1,0.0925,585.5,23.0
"('CUP', 'SAUCER')",1,0.47250000000000003,564.0,67.0
"('FACE', 'MOUTH')",1,0.011,592.0,31.0
"('HAVE', 'OWN')",1,0.20550000000000002,597.5,66.0
"('CAT', 'DOG')",1,0.5900000000000001,590.0,5.0
"('BLACK', 'DARK')",1,0.10550000000000001,600.5,27.0
"('DIRT', 'MUD')",1,0.4375,545.0,41.0
"('BUILD', 'MAKE')",1,0.0695,586.0,103.0
"('PEOPLE', 'TOWN')",1,0.011,608.5,16.0
"('STICK', 'TREE')",1,0.014,570.5,0.0
"('FOOD', 'MEAL')",1,0.2525,591.0,5.0
"('BODY', 'SOUL')",1,0.034,577.0,279.0
"('LENGTH', 'LONG')",1,0.1285,585.0,16.0
"('BOWL', 'PLATE')",1,0.046,556.5,20.0
"('CLOTHES', 'COAT')",1,0.007,631.0,1.0
"('CANDY', 'SWEET')",1,0.249,564.5,139.0
"('ARMY', 'GUARD')",1,0.009,529.5,26.0
"('CONE', 'PINE')",1,0.0135,531.5,19.0
"('BANANA', 'YELLOW')",1,0.08299999999999999,565.5,96.0
"('CHEW', 'GRIND')",1,0.0065,528.0,1.0
"('DENSE', 'THICK')",1,0.118,548.5,33.0
"('TORTOISE', 'TURTLE')",1,0.274,462.0,42.0
"('HUNT', 'SHOOT')",1,0.0215,529.5,29.0
"('BEGGAR', 'POOR')",1,0.1725,491.5,222.0
"('SPEAK', 'TELL')",1,0.0555,598.0,113.0
"('BOWL', 'CUP')",1,0.057499999999999996,576.0,36.0
"('I', 'SELF')",1,0.034,616.0,24.0
"('BRAIN', 'HEAD')",1,0.18000000000000002,595.5,47.0
"('FISH', 'SHARK')",1,0.0795,532.0,14.0
"('BRAVE', 'DARE')",1,0.025,527.0,8.0
"('HEART', 'SOUL')",1,0.071,561.0,316.0
"('EAT', 'LUNCH')",1,0.0415,572.5,66.0
"('SIT', 'STAND')",1,0.441,572.5,13.0
"('TREE', 'WOOD')",1,0.0725,593.5,2.0
"('NEVER', 'NOT')",1,0.01,568.5,14.0
"('BIRD', 'SONG')",1,0.020999999999999998,597.5,88.0
"('CURE', 'MEDICINE')",1,0.0625,536.5,165.0
"('CLOUD', 'HEAVEN')",1,0.025,544.5,249.0
"('HAPPY', 'PROUD')",1,0.091,595.5,28.0
"('HEAVY', 'WEIGHT')",1,0.147,579.5,49.0
"('HEART', 'LIFE')",1,0.024,588.0,244.0
"('FISH', 'RIVER')",1,0.008,556.5,12.0
"('LUNG', 'RIB')",1,0.0135,541.0,30.0
"('CAPE', 'ISLAND')",1,0.0065,514.0,15.0
"('FENCE', 'YARD')",1,0.102,524.0,44.0
"('BLUE', 'GREEN')",1,0.1265,588.0,1.0
"('BIRD', 'CHICKEN')",1,0.0135,568.0,12.0
"('PERSON', 'THING')",1,0.0105,603.5,212.0
"('CHICKEN', 'HEN')",1,0.23750000000000002,502.5,17.0
"('BEER', 'WINE')",1,0.138,587.0,34.0
"('BEE', 'HONEY')",1,0.22749999999999998,543.5,14.0
"('DISEASE', 'SICK')",1,0.132,575.5,100.0
"('BONE', 'LEG')",1,0.02,565.0,38.0
"('DISEASE', 'PAIN')",1,0.007,574.5,78.0
"('CATTLE', 'COW')",1,0.2195,520.0,21.0
"('RAW', 'RED')",1,0.034,558.0,102.0
"('FIVE', 'HAND')",1,0.023,577.0,239.0
"('FIGHT', 'KILL')",1,0.017,555.0,69.0
"('CORPSE', 'DEAD')",1,0.2685,493.5,158.0
"('BODY', 'STOMACH')",1,0.014,578.5,49.0
"('DARK', 'HEAVY')",1,0.007,589.5,84.0
"('HORSE', 'MULE')",1,0.08850000000000001,507.5,21.0
"('GIVE', 'SEND')",1,0.032,562.0,2.0
"('PIG', 'TAIL')",1,0.0055,521.0,1.0
"('CAVE', 'MAN')",1,0.045,574.5,26.0
"('PITY', 'REGRET')",1,0.005,522.5,43.0
"('CLOTH', 'FELT')",1,0.017,532.5,143.0
"('FACE', 'JAW')",1,0.0105,570.5,18.0
"('APPLE', 'FRUIT')",1,0.1885,594.0,8.0
"('CHOOSE', 'WANT')",1,0.0055,570.0,6.0
"('FALL', 'STAND')",1,0.0335,568.0,41.0
"('BACK', 'SHOULDER')",1,0.007,570.0,49.0
"('COIN', 'SILVER')",1,0.0185,546.0,17.0
"('HOOK', 'LATCH')",1,0.046,464.5,53.0
"('BEAT', 'POUND')",1,0.0315,577.0,154.0
"('BOWL', 'POT')",1,0.0125,567.0,9.0
"('HUNT', 'KILL')",1,0.114,536.0,30.0
"('HIGH', 'TOP')",1,0.017,591.5,64.0
"('FIGHT', 'QUARREL')",1,0.3595,512.0,76.0
"('PART', 'PIECE')",1,0.2235,545.0,45.0
"('EGG', 'YOLK')",1,0.45899999999999996,539.5,20.0
"('BED', 'NEST')",1,0.007,578.5,78.0
"('YELLOW', 'YOLK')",1,0.0065,513.0,56.0
"('LAKE', 'SEA')",1,0.008,560.0,11.0
"('BIRD', 'DOG')",1,0.0125,595.0,8.0
"('AUNT', 'COUSIN')",1,0.0935,534.5,62.0
"('LIKE', 'WANT')",1,0.0085,608.0,16.0
"('SONG', 'VOICE')",1,0.01,599.5,29.0
"('GLASS', 'MIRROR')",1,0.033,602.0,30.0
"('GRASS', 'PASTURE')",1,0.044,500.5,37.0
"('ARM', 'ELBOW')",1,0.238,586.0,15.0
"('EAT', 'SLEEP')",1,0.0085,569.5,2.0
"('COLD', 'WIND')",1,0.017,609.0,95.0
"('CHOP', 'GRIND')",1,0.0135,486.5,114.0
"('BRAVE', 'MAN')",1,0.007,583.5,335.0
"('AFTERNOON', 'EVENING')",1,0.0615,642.5,33.0
"('DEEP', 'LOW')",1,0.0165,561.0,78.0
"('DO', 'GO')",1,0.0165,613.5,61.0
"('COLD', 'SNOW')",1,0.116,620.5,161.0
"('FRUIT', 'SEED')",1,0.0055,552.0,1.0
"('BLUE', 'RED')",1,0.183,600.0,42.0
"('BED', 'BLANKET')",1,0.051,599.5,13.0
"('THERE', 'WHERE')",1,0.05,605.5,40.0
"('SNAKE', 'WORM')",1,0.0545,499.5,10.0
"('COURT', 'JUDGE')",1,0.27049999999999996,544.0,3.0
"('BLACK', 'WHITE')",1,0.6060000000000001,596.5,2.0
"('COVER', 'FILL')",1,0.0085,559.0,130.0
"('BOAT', 'SHIP')",1,0.3505,568.5,22.0
"('PART', 'SOME')",1,0.0315,578.5,53.0
"('HAND', 'SEA')",1,0.0055,569.0,8.0
"('MARRY', 'WEDDING')",1,0.028999999999999998,532.0,147.0
"('CLOAK', 'COAT')",1,0.059,516.5,58.0
"('GHOST', 'SOUL')",1,0.007,524.5,90.0
"('AFTERNOON', 'SUN')",1,0.0375,645.0,211.0
"('GO', 'RIDE')",1,0.007,597.0,87.0
"('DRESS', 'SKIRT')",1,0.22999999999999998,569.5,19.0
"('KING', 'QUEEN')",1,0.751,524.5,22.0
"('BITTER', 'SALT')",1,0.019,569.0,185.0
"('EGG', 'WHITE')",1,0.012,599.0,141.0
"('BIRD', 'DUCK')",1,0.0505,560.5,4.0
"('RAM', 'SHEEP')",1,0.036,487.5,81.0
"('AFTERNOON', 'NIGHT')",1,0.072,645.5,90.0
"('HE', 'SHE')",1,0.758,601.5,7.0
"('BED', 'SLEEP')",1,0.365,623.0,151.0
"('HOPE', 'WANT')",1,0.0275,583.5,41.0
"('SWIM', 'WATER')",1,0.178,595.5,134.0
"('BOAT', 'SEA')",0,0.0055,560.5,41.0
"('FISH', 'LOBSTER')",0,0.029,510.0,7.0
"('BRICK', 'WOOD')",0,0.0125,551.5,4.0
"('SHIRT', 'TIE')",0,0.0885,585.5,48.0
"('EARN', 'HAVE')",0,0.0055,577.0,98.0
"('GREEN', 'VALLEY')",0,0.017,549.0,115.0
"('BAY', 'OCEAN')",0,0.03,500.0,13.0
"('GROW', 'LIVE')",0,0.0055,585.0,27.0
"('EAT', 'FRUIT')",0,0.0135,559.5,126.0
"('JUST', 'NOW')",0,0.0065,572.5,52.0
"('ANSWER', 'CALL')",0,0.0385,602.0,8.0
"('COLD', 'WATER')",0,0.019,633.5,159.0
"('GOOD', 'WELL')",0,0.1195,585.5,170.0
"('BLANKET', 'COVER')",0,0.14500000000000002,580.0,120.0
"('MUD', 'SAND')",0,0.018,519.0,11.0
"('BACK', 'NECK')",0,0.007,581.5,47.0
"('COPPER', 'GOLD')",0,0.0475,520.5,29.0
"('COW', 'MILK')",0,0.37,558.5,49.0
"('SORE', 'ULCER')",0,0.02,483.5,56.0
"('BIRD', 'BLUE')",0,0.01,592.5,143.0
"('FENCE', 'JUMP')",0,0.012,538.5,148.0
"('EAR', 'NOSE')",0,0.08399999999999999,572.0,12.0
"('HEAD', 'POTATO')",0,0.0235,611.5,26.0
"('DANCE', 'MUSIC')",0,0.0675,574.5,10.0
"('JUMP', 'SHOUT')",0,0.0055,554.0,22.0
"('BE', 'FLOWER')",0,0.0065,589.5,359.0
"('CHILD', 'MAN')",0,0.015,604.0,37.0
"('MANY', 'SOME')",0,0.0965,588.5,10.0
"('MIRROR', 'WINDOW')",0,0.0065,607.0,4.0
"('CHAIR', 'LEG')",0,0.0065,603.0,20.0
"('DANGER', 'POISON')",0,0.0235,530.5,189.0
"('BITE', 'JAW')",0,0.0105,561.0,108.0
"('HEAD', 'PAIN')",0,0.0065,590.0,177.0
"('HAPPY', 'SMILE')",0,0.2205,607.5,159.0
"('BED', 'MATTRESS')",0,0.28500000000000003,580.0,5.0
"('AFTER', 'POST')",0,0.0335,580.5,291.0
"('FOOT', 'KICK')",0,0.0195,573.0,73.0
"('OCEAN', 'WATER')",0,0.12,583.5,23.0
"('MOON', 'WHITE')",0,0.012,587.5,109.0
"('BE', 'SEEM')",0,0.028,581.0,1.0
"('DEEP', 'SHALLOW')",0,0.353,541.0,70.0
"('JOIN', 'MARRY')",0,0.0055,550.5,70.0
"('BITE', 'BLOOD')",0,0.0055,582.0,104.0
"('HAND', 'LEG')",0,0.006,595.0,22.0
"('FOG', 'HAT')",0,0.005,563.0,45.0
"('POT', 'STOVE')",0,0.0395,551.0,7.0
"('CART', 'HORSE')",0,0.032,507.0,37.0
"('BOAT', 'FLOAT')",0,0.057,568.5,186.0
"('CAVE', 'HOUSE')",0,0.0065,563.0,16.0
"('LONG', 'TREE')",0,0.0055,596.0,223.0
"('FROG', 'GREEN')",0,0.048,545.0,159.0
"('DOG', 'WHISTLE')",0,0.008,551.5,31.0
"('FOUR', 'SQUARE')",0,0.0065,564.5,151.0
"('BREAST', 'CHICKEN')",0,0.126,549.5,34.0
"('BUTTON', 'NOSE')",0,0.0105,578.5,15.0
"('CHEEK', 'MOUTH')",0,0.013,552.5,3.0
"('ISLAND', 'SUN')",0,0.031,571.0,21.0
"('ENEMY', 'FIGHT')",0,0.02,542.0,21.0
"('JEWEL', 'NECKLACE')",0,0.005,527.5,39.0
"('ICE', 'PAIR')",0,0.0065,554.0,244.0
"('DRUM', 'EAR')",0,0.007,533.0,38.0
"('ANGER', 'FIGHT')",0,0.017,551.0,140.0
"('CURE', 'DISEASE')",0,0.0865,553.0,152.0
"('BIRD', 'CROW')",0,0.269,541.0,12.0
"('HOOK', 'WORM')",0,0.0095,497.5,86.0
"('LAND', 'PLOT')",0,0.018,544.5,225.0
"('LEAF', 'VINE')",0,0.0065,483.5,8.0
"('SELF', 'TRUE')",0,0.007,604.5,190.0
"('GROW', 'LIFE')",0,0.0055,580.0,48.0
"('STRAIN', 'WEAR')",0,0.0065,534.5,22.0
"('DO', 'THINK')",0,0.0055,610.5,70.0
"('BONE', 'DOG')",0,0.1275,569.5,22.0
"('COAT', 'COLD')",0,0.0575,618.0,144.0
"('SEA', 'WAVE')",0,0.007,527.5,104.0
"('BONE', 'KNEE')",0,0.012,570.0,5.0
"('MOUTH', 'OPEN')",0,0.019,576.5,187.0
"('CLOTHES', 'WASH')",0,0.061,642.0,153.0
"('PART', 'SPLIT')",0,0.01,546.5,78.0
"('POOR', 'WEAK')",0,0.007,555.0,40.0
"('DANCE', 'SIT')",0,0.007,565.5,65.0
"('TEACH', 'TEACHER')",0,0.0315,575.5,216.0
"('BODY', 'PART')",0,0.01,594.5,229.0
"('GOAT', 'WHITE')",0,0.007,529.5,164.0
"('BELT', 'ROPE')",0,0.008,544.5,6.0
"('COVER', 'SHIELD')",0,0.03,530.5,74.0
"('BOOK', 'MONEY')",0,0.012,637.0,35.0
"('FIGHT', 'WAR')",0,0.0995,571.5,22.0
"('LETTER', 'WRITE')",0,0.138,585.0,131.0
"('GO', 'RETREAT')",0,0.014,548.5,30.0
"('CANOE', 'WATER')",0,0.059,541.0,7.0
"('COLD', 'WOOL')",0,0.011,583.0,151.0
"('FIRE', 'FOREST')",0,0.0225,546.5,14.0
"('GOD', 'LOVE')",0,0.0305,593.0,54.0
"('JUMP', 'LONG')",0,0.0085,565.0,68.0
"('CHEESE', 'MOUSE')",0,0.124,554.0,0.0
"('EARN', 'MONEY')",0,0.231,594.0,225.0
"('ANIMAL', 'DOG')",0,0.1595,609.0,23.0
"('GRASS', 'SEED')",0,0.017,550.5,12.0
"('WASH', 'WEAR')",0,0.014,584.0,87.0
"('BUSH', 'THORN')",0,0.0175,493.0,1.0
"('DOWN', 'SOUTH')",0,0.007,543.0,8.0
"('BRAIN', 'IDEA')",0,0.0075,582.5,297.0
"('FLOWER', 'SEED')",0,0.065,540.0,27.0
"('SCREWDRIVER', 'TOOL')",0,0.1065,538.0,4.0
"('CHEEK', 'RED')",0,0.023,570.0,64.0
"('HEAT', 'SUMMER')",0,0.0305,596.0,33.0
"('CALM', 'REST')",0,0.005,568.5,9.0
"('LINE', 'NUMBER')",0,0.01,595.0,82.0
"('KNEE', 'LEG')",0,0.1895,594.0,33.0
"('STONE', 'THROW')",0,0.015,556.0,214.0
"('WHO', 'WHY')",0,0.038,594.0,33.0
"('EAR', 'LISTEN')",0,0.051000000000000004,551.5,232.0
"('PICK', 'SCRATCH')",0,0.007,538.5,21.0
"('SMALL', 'WEAK')",0,0.007,589.0,51.0
"('ORDER', 'TELL')",0,0.011,583.0,38.0
"('CLOTH', 'SOFT')",0,0.015,575.5,166.0
"('ARROW', 'POISON')",0,0.007,497.0,68.0
"('GREEN', 'MONEY')",0,0.039,607.0,114.0
"('ANIMAL', 'PIG')",0,0.0195,564.5,27.0
"('COLLAR', 'RING')",0,0.008,549.0,29.0
"('TOOTH', 'WHITE')",0,0.018,584.0,147.0
"('HOT', 'SOUP')",0,0.0365,591.5,108.0
"('BRIGHT', 'SUN')",0,0.0905,612.0,144.0
"('FIND', 'RESCUE')",0,0.007,556.0,22.0
"('MONTH', 'YEAR')",0,0.29800000000000004,599.5,19.0
"('ELBOW', 'SHOULDER')",0,0.0075,558.5,18.0
"('CORNER', 'SIDE')",0,0.007,561.0,139.0
"('MURDER', 'SHOOT')",0,0.006,532.0,0.0
"('CUP', 'SPOON')",0,0.0095,603.5,75.0
"('LAND', 'MOUNTAIN')",0,0.01,574.0,12.0
"('SHRUB', 'TREE')",0,0.121,529.5,16.0
"('BASKET', 'FLOWER')",0,0.0245,525.5,22.0
"('GUARD', 'WATCH')",0,0.0635,540.0,30.0
"('ANGER', 'PAIN')",0,0.0085,555.0,111.0
"('MAN', 'UNCLE')",0,0.035,590.0,38.0
"('PUT', 'TAKE')",0,0.039,547.0,45.0
"('MONEY', 'TAX')",0,0.205,577.0,129.0
"('FISH', 'RAW')",0,0.007,528.5,198.0
"('COUSIN', 'FAMILY')",0,0.0735,561.0,23.0
"('ROOM', 'STORE')",0,0.012,594.5,18.0
"('GOD', 'SOUL')",0,0.027,555.5,76.0
"('MACHINE', 'STEEL')",0,0.007,551.0,8.0
"('AUNT', 'NEPHEW')",0,0.0205,503.0,23.0
"('FLEE', 'GO')",0,0.008,552.0,63.0
"('SEASON', 'SUMMER')",0,0.1055,588.5,6.0
"('BROTHER', 'FAMILY')",0,0.013000000000000001,602.5,60.0
"('NOW', 'WHEN')",0,0.1085,607.0,90.0
"('CHAIR', 'ROOM')",0,0.008,622.0,40.0
"('BODY', 'BREAST')",0,0.007,582.5,12.0
"('DELIVER', 'GIVE')",0,0.0415,562.0,67.0
"('BODY', 'SHOULDER')",0,0.0125,581.5,21.0
"('SHORE', 'TIDE')",0,0.0065,517.5,58.0
"('CHAIN', 'NECK')",0,0.006,544.5,8.0
"('NIGHT', 'SLEEP')",0,0.0305,623.0,12.0
"('FOOD', 'HUNGER')",0,0.20149999999999998,581.5,187.0
"('SNOW', 'STORM')",0,0.006,585.0,91.0
"('CHILD', 'FLOWER')",0,0.006,575.5,3.0
"('BACK', 'BODY')",0,0.007,598.5,28.0
"('MEDICINE', 'WELL')",0,0.0055,548.5,50.0
"('DEEP', 'SEA')",0,0.03,539.5,196.0
"('NECK', 'NECKLACE')",0,0.08199999999999999,556.0,46.0
"('ANT', 'FOOD')",0,0.0085,545.0,7.0
"('DOG', 'PERSON')",0,0.007,609.0,48.0
"('DEER', 'HUNT')",0,0.076,516.0,215.0
"('QUIET', 'SLEEP')",0,0.0235,593.5,95.0
"('THIN', 'WIDE')",0,0.038,569.5,44.0
"('CHISEL', 'CHOP')",0,0.0075,478.0,42.0
"('GO', 'GREEN')",0,0.021,600.5,123.0
"('GIVE', 'STEAL')",0,0.0055,578.5,37.0
"('ASH', 'BURN')",0,0.0165,521.0,93.0
"('FRUIT', 'SWEET')",0,0.0165,580.0,149.0
"('BOIL', 'BURN')",0,0.007,540.5,23.0
"('LIFT', 'UP')",0,0.0915,581.5,61.0
"('AIR', 'LAND')",0,0.007,591.0,86.0
"('CLAY', 'WET')",0,0.0115,520.0,128.0
"('PERSON', 'SLAVE')",0,0.007,519.0,23.0
"('COLOR', 'SKIN')",0,0.0065,586.5,147.0
"('MOUNTAIN', 'TOP')",0,0.0205,572.5,181.0
"('DOOR', 'THROUGH')",0,0.0135,608.5,332.0
"('CALM', 'SEA')",0,0.0315,542.0,236.0
"('BOAT', 'RIVER')",0,0.0275,574.5,52.0
"('GROUND', 'SAND')",0,0.006,546.5,58.0
"('HOT', 'TOBACCO')",0,0.005,582.5,102.0
"('MAIL', 'POST')",0,0.0305,570.0,25.0
"('FROG', 'WATER')",0,0.0105,574.0,3.0
"('SUSPECT', 'THINK')",0,0.01,550.0,33.0
"('GROUND', 'LOW')",0,0.006,577.0,236.0
"('BIRD', 'NEST')",0,0.371,556.5,45.0
"('CHEEK', 'LIP')",0,0.013,550.5,25.0
"('OCEAN', 'WAVE')",0,0.179,522.0,101.0
"('FRIEND', 'LOVE')",0,0.0085,611.0,139.0
"('MAN', 'SPIDER')",0,0.028,574.5,11.0
"('BAY', 'SEA')",0,0.027,505.5,16.0
"('BAD', 'THIEF')",0,0.006,560.5,211.0
"('WIDOW', 'WOMAN')",0,0.061,554.0,33.0
"('LIP', 'TONGUE')",0,0.0355,549.5,44.0
"('GOLD', 'RICH')",0,0.023,562.5,199.0
"('GOOD', 'PRAISE')",0,0.0445,561.5,57.0
"('MARRIAGE', 'WEDDING')",0,0.078,533.0,111.0
"('NECK', 'SHOULDER')",0,0.039,564.5,2.0
"('KING', 'POWER')",0,0.005,539.0,234.0
"('MEASURE', 'WEIGHT')",0,0.01,566.5,96.0
"('LONG', 'THIN')",0,0.0055,574.5,11.0
"('DIE', 'HARD')",0,0.0055,582.0,67.0
"('BLACK', 'MAN')",0,0.007,613.0,148.0
"('DEER', 'FOREST')",0,0.028,511.0,22.0
"('FOOT', 'KNEE')",0,0.016,591.0,35.0
"('LOUD', 'PAIN')",0,0.009,573.0,13.0
"('CHEW', 'JAW')",0,0.0205,549.5,175.0
"('CUT', 'EDGE')",0,0.01,575.0,35.0
"('CORNER', 'POCKET')",0,0.007,573.0,45.0
"('DUSK', 'EVENING')",0,0.056499999999999995,552.0,16.0
"('FLOW', 'WATER')",0,0.1305,579.5,305.0
"('ANT', 'SPIDER')",0,0.0085,518.5,3.0
"('DRINK', 'TEA')",0,0.0335,600.0,60.0
"('GLOVE', 'HAND')",0,0.30000000000000004,588.0,3.0
"('RAT', 'SNAKE')",0,0.007,524.5,3.0
"('CHOOSE', 'GUESS')",0,0.008,559.5,61.0
"('DRINK', 'THIRSTY')",0,0.119,615.0,98.0
"('SNOW', 'WHITE')",0,0.174,602.5,146.0
"('ASH', 'SOOT')",0,0.0565,442.0,20.0
"('EAT', 'MOUTH')",0,0.019,550.5,82.0
"('REST', 'SLEEP')",0,0.319,600.0,133.0
"('BRAVE', 'PROUD')",0,0.007,557.0,44.0
"('COLD', 'RAW')",0,0.007,567.5,58.0
"('LEARN', 'LISTEN')",0,0.014,547.5,38.0
"('MIRROR', 'SEE')",0,0.0095,609.0,253.0
"('LIKE', 'SEEM')",0,0.053,579.5,60.0
"('BODY', 'CLOTHES')",0,0.01,631.0,32.0
"('BOTTLE', 'CAN')",0,0.0235,605.5,226.0
"('ARMY', 'FIGHT')",0,0.007,558.0,88.0
"('GUARD', 'NOSE')",0,0.007,544.0,111.0
"('PULL', 'TWIST')",0,0.0065,537.5,63.0
"('FOOT', 'HAND')",0,0.14,592.0,46.0
"('NECKLACE', 'RING')",0,0.014,562.5,40.0
"('FOAM', 'SOAP')",0,0.031,528.0,21.0
"('BOY', 'MALE')",0,0.0205,597.0,45.0
"('SWIM', 'WET')",0,0.0235,567.5,4.0
"('FEW', 'MANY')",0,0.445,596.0,33.0
"('SHORE', 'WATER')",0,0.0305,586.0,42.0
"('EAR', 'HEAD')",0,0.0385,585.5,37.0
"('LISTEN', 'QUIET')",0,0.011,560.0,19.0
"('BEAR', 'WOLF')",0,0.007,531.5,10.0
"('STEAL', 'TAKE')",0,0.2285,558.5,31.0
"('GUESS', 'THINK')",0,0.0395,598.5,99.0
"('EMBRACE', 'LOVE')",0,0.048,526.0,138.0
"('GRASS', 'HUT')",0,0.0115,536.5,10.0
"('HEAD', 'SHOULDER')",0,0.023,582.0,14.0
"('DOWN', 'UP')",0,0.713,577.0,61.0
"('CRUSH', 'DESTROY')",0,0.019,515.5,14.0
"('FACE', 'SCAR')",0,0.0405,570.5,47.0
"('FISH', 'WHALE')",0,0.109,524.0,13.0
"('MORE', 'SOME')",0,0.0215,595.0,2.0
"('FUR', 'SOFT')",0,0.0305,560.0,187.0
"('HOE', 'RAKE')",0,0.11049999999999999,482.5,60.0
"('BUTTER', 'YELLOW')",0,0.009,585.0,81.0
"('VINE', 'WINE')",0,0.057,490.5,20.0
"('ORNAMENT', 'THING')",0,0.007,523.5,265.0
"('FROG', 'LIZARD')",0,0.0305,495.0,31.0
"('DARK', 'FOG')",0,0.005,572.0,59.0
"('BAD', 'GOOD')",0,0.754,606.5,11.0
"('TABLE', 'WOOD')",0,0.006,586.5,2.0
"('FEEL', 'LOVE')",0,0.011,603.5,13.0
"('GIRL', 'SISTER')",0,0.0205,616.5,32.0
"('CRAB', 'SHRIMP')",0,0.027000000000000003,489.5,3.0
"('DUCK', 'SWIM')",0,0.007,539.5,124.0
"('OLD', 'UNCLE')",0,0.007,586.5,231.0
"('FEEL', 'FELT')",0,0.037,546.0,113.0
"('SUCCEED', 'WIN')",0,0.0445,586.5,60.0
"('MILK', 'WATER')",0,0.012,614.5,54.0
"('MILK', 'WHITE')",0,0.0305,589.0,198.0
"('BUTTON', 'RED')",0,0.007,590.0,112.0
"('NEW', 'STRANGER')",0,0.007,568.0,93.0
"('HUT', 'VILLAGE')",0,0.035500000000000004,505.0,13.0
"('KICK', 'THROW')",0,0.012,555.5,85.0
"('HAND', 'TOUCH')",0,0.018000000000000002,595.5,187.0
"('BOY', 'SOLDIER')",0,0.0065,561.5,31.0
"('PLATE', 'SPOON')",0,0.012,584.0,19.0
"('CLAY', 'DIRT')",0,0.019,513.0,42.0
"('CANOE', 'SWIM')",0,0.017,495.5,141.0
"('QUIET', 'SPEAK')",0,0.0085,588.5,30.0
"('BLOOD', 'SKIN')",0,0.0055,581.0,1.0
"('ANIMAL', 'CAT')",0,0.06,601.0,28.0
"('LAUGH', 'SING')",0,0.011,585.0,12.0
"('CHICKEN', 'DUCK')",0,0.01,536.5,8.0
"('FRIEND', 'GOOD')",0,0.014,612.0,153.0
"('FIGHT', 'PEACE')",0,0.01,566.0,146.0
"('AUTUMN', 'FALL')",0,0.28650000000000003,552.5,12.0
"('SCAR', 'SORE')",0,0.01,536.5,50.0
"('CIGARETTE', 'PIPE')",0,0.02,554.0,5.0
"('COLD', 'FALL')",0,0.01,599.0,48.0
"('BAD', 'PUNISHMENT')",0,0.0275,553.5,50.0
"('HEAVY', 'STRAIN')",0,0.007,557.0,75.0
"('PAPER', 'WRITE')",0,0.125,597.5,153.0
"('CHILD', 'GIRL')",0,0.01,615.0,26.0
"('CLOUD', 'SOFT')",0,0.0155,571.5,140.0
"('BLAME', 'WRONG')",0,0.0135,570.5,10.0
"('SILK', 'WOOL')",0,0.019,511.0,70.0
"('CONDEMN', 'HATE')",0,0.0085,526.0,21.0
"('BORDER', 'LINE')",0,0.103,540.0,33.0
"('SING', 'VOICE')",0,0.11599999999999999,586.0,64.0
"('LIVER', 'STOMACH')",0,0.0105,514.0,0.0
"('AFTERNOON', 'MORNING')",0,0.05450000000000001,630.0,109.0
"('BRAIN', 'MEMORY')",0,0.0315,576.5,272.0
"('BONE', 'JAW')",0,0.041,535.0,29.0
"('FAULT', 'NO')",0,0.01,573.0,3.0
"('BACK', 'CHEST')",0,0.007,565.0,40.0
"('ANT', 'SMALL')",0,0.025,563.5,202.0
"('PINE', 'WOOD')",0,0.0205,565.5,14.0
"('HOME', 'ROOM')",0,0.008,626.5,27.0
"('FAST', 'RIDE')",0,0.0105,588.0,120.0
"('HAWK', 'OWL')",0,0.007,490.5,9.0
"('SHIELD', 'SWORD')",0,0.0635,454.0,1.0
"('BEE', 'INSECT')",0,0.047,548.0,4.0
"('BRANCH', 'TREE')",0,0.2775,571.0,21.0
"('BAD', 'CURSE')",0,0.0305,538.0,55.0
"('BUY', 'MONEY')",0,0.074,603.0,204.0
"('ANKLE', 'LEG')",0,0.0665,566.0,18.0
"('HOPE', 'LOVE')",0,0.017,590.0,50.0
"('CARRY', 'CART')",0,0.0145,504.0,212.0
"('DENSE', 'HARD')",0,0.007,559.5,72.0
"('APPLE', 'TREE')",0,0.01,605.5,16.0
"('PULL', 'STRAIN')",0,0.013,549.0,22.0
"('FACE', 'LIP')",0,0.012,590.0,9.0
"('HEAVY', 'LIFT')",0,0.0515,568.0,48.0
"('HOLD', 'LIFT')",0,0.0055,575.5,45.0
"('CAR', 'TRAIN')",0,0.0345,591.0,30.0
"('BELT', 'TIE')",0,0.012,554.5,34.0
"('BONE', 'CHEEK')",0,0.0695,537.0,23.0
"('GOOD', 'LIKE')",0,0.0055,615.5,11.0
"('PAIN', 'THORN')",0,0.0315,511.5,160.0
"('FULL', 'MOON')",0,0.051,589.5,203.0
"('ANIMAL', 'HUNT')",0,0.0215,571.5,171.0
"('BONE', 'HARD')",0,0.0065,568.0,163.0
"('HORSE', 'OX')",0,0.007,462.0,20.0
"('OPEN', 'WIDE')",0,0.014,575.0,33.0
"('MELT', 'SOFT')",0,0.012,555.5,1.0
"('FIVE', 'THREE')",0,0.007,567.0,74.0
"('FIGHT', 'PLAY')",0,0.0065,573.5,13.0
"('BUD', 'GREEN')",0,0.007,524.0,89.0
"('EGG', 'NEST')",0,0.087,564.5,56.0
"('GOLD', 'JEWEL')",0,0.0735,534.5,18.0
"('OPEN', 'TWIST')",0,0.0065,545.5,42.0
"('HELL', 'HOT')",0,0.031,585.5,152.0
"('LIZARD', 'SNAKE')",0,0.086,492.0,33.0
"('BONE', 'STONE')",0,0.005,552.5,26.0
"('SHOUT', 'TWIST')",0,0.11750000000000001,533.5,48.0
"('BRUSH', 'PAINTING')",0,0.034,553.0,26.0
"('BLUE', 'LAKE')",0,0.0155,588.0,126.0
"('PINE', 'TREE')",0,0.328,585.0,12.0
"('PASS', 'SUCCEED')",0,0.007,563.0,81.0
"('FACE', 'PERSON')",0,0.0315,616.0,37.0
"('KISS', 'MOUTH')",0,0.047,582.0,4.0
"('LEFT', 'TURN')",0,0.0195,587.5,18.0
"('EAT', 'RIB')",0,0.007,532.5,113.0
"('REST', 'SIT')",0,0.0085,585.5,86.0
"('COME', 'HOME')",0,0.007,617.0,184.0
"('DEW', 'FROST')",0,0.007,486.5,30.0
"('PRAY', 'TEMPLE')",0,0.0115,489.0,193.0
"('FATHER', 'PRIEST')",0,0.0175,537.5,33.0
"('HAVE', 'TAKE')",0,0.022,576.0,81.0
"('BUILD', 'WOOD')",0,0.006,564.0,204.0
"('BLOOD', 'CUT')",0,0.098,576.0,183.0
"('SWALLOW', 'THROAT')",0,0.0635,539.5,31.0
"('HAY', 'WHEAT')",0,0.0275,498.0,29.0
"('FAR', 'NEAR')",0,0.519,584.5,35.0
"('CLOTH', 'COAT')",0,0.006,585.5,21.0
"('BLOOD', 'FIRST')",0,0.0055,580.5,302.0
"('CLOTHES', 'COTTON')",0,0.033,586.5,8.0
"('MUST', 'SEE')",0,0.0065,607.0,55.0
"('CLEAR', 'WINDOW')",0,0.018,598.5,250.0
"('FULL', 'STOMACH')",0,0.01,570.5,239.0
"('BASKET', 'FRUIT')",0,0.0475,537.5,6.0
"('DEW', 'WET')",0,0.0775,506.0,100.0
"('FIREPLACE', 'FLAME')",0,0.0065,540.0,10.0
"('CHEST', 'SMALL')",0,0.014,579.5,178.0
"('ARMY', 'WAR')",0,0.0205,568.5,66.0
"('EWE', 'GOAT')",0,0.037,405.0,98.0
"('OPEN', 'SPLIT')",0,0.0095,547.5,36.0
"('BURY', 'DIE')",0,0.0225,524.0,14.0
"('MOUTH', 'WIDE')",0,0.007,570.5,220.0
"('FISH', 'WATER')",0,0.079,594.5,19.0
"('BLACK', 'BLIND')",0,0.0055,567.0,27.0
"('KING', 'RULE')",0,0.007,528.0,273.0
"('DUST', 'WIND')",0,0.017,575.0,2.0
"('CANDY', 'SUGAR')",0,0.036500000000000005,583.5,18.0
"('ROAD', 'TOBACCO')",0,0.0075,581.0,26.0
"('FAMILY', 'SISTER')",0,0.014,597.5,50.0
"('BOUNDARY', 'LINE')",0,0.125,536.0,66.0
"('HIGH', 'HILL')",0,0.0065,598.5,217.0
"('COLOR', 'PAINTING')",0,0.024,554.5,148.0
"('HAPPY', 'JOY')",0,0.1995,583.0,55.0
"('GET', 'SEND')",0,0.014,566.5,34.0
"('DOWN', 'FALL')",0,0.0505,559.0,70.0
"('SALT', 'SUGAR')",0,0.0785,610.0,26.0
"('BRIGHT', 'DARK')",0,0.0355,593.5,24.0
"('BEAUTIFUL', 'JEWEL')",0,0.005,564.0,201.0
"('FIND', 'HUNT')",0,0.029,551.5,65.0
"('COVER', 'OPEN')",0,0.0065,589.0,121.0
"('ANIMAL', 'HORSE')",0,0.0475,590.0,26.0
"('BOOT', 'FOOT')",0,0.071,574.5,37.0
"('DEAD', 'KILL')",0,0.0085,565.0,43.0
"('ATTACK', 'RAPE')",0,0.0745,548.5,61.0
"('FLAME', 'MATCH')",0,0.028999999999999998,554.5,47.0
"('COLD', 'MILK')",0,0.009,607.0,213.0
"('ANT', 'BEE')",0,0.017,532.5,7.0
"('CRY', 'GRIEF')",0,0.0305,535.5,133.0
"('DRINK', 'FOOD')",0,0.025,603.5,48.0
"('THINK', 'TRY')",0,0.0055,624.0,86.0
"('BODY', 'FOREHEAD')",0,0.017,565.5,22.0
"('DEAD', 'MURDER')",0,0.006,554.5,16.0
"('COLD', 'STEEL')",0,0.007,589.5,129.0
"('GRASS', 'SNAKE')",0,0.024,544.0,22.0
"('MAN', 'WOMAN')",0,0.6275,623.0,38.0
"('OCEAN', 'TIDE')",0,0.0755,515.0,77.0
"('HERE', 'WHERE')",0,0.0565,603.5,29.0
"('DANGER', 'ENEMY')",0,0.0075,540.0,96.0
"('MOVE', 'THROW')",0,0.0055,560.0,10.0
"('MOON', 'SKY')",0,0.0195,596.0,39.0
"('OCEAN', 'SALT')",0,0.03,569.0,1.0
"('CAUSE', 'MAKE')",0,0.011,587.5,12.0
"('HAIR', 'HARE')",0,0.01,517.5,32.0
"('SLIP', 'TONGUE')",0,0.01,534.0,186.0
"('DRINK', 'POUR')",0,0.0195,586.5,193.0
"('HEAD', 'PILLOW')",0,0.012,606.5,10.0
"('FRIEND', 'GIRL')",0,0.053,624.0,157.0
"('AFTER', 'NOW')",0,0.0095,590.0,67.0
"('BORDER', 'NEAR')",0,0.009,535.5,107.0
"('FORBID', 'NO')",0,0.0665,555.0,30.0
"('DOG', 'HUNT')",0,0.018,560.5,194.0
"('DIE', 'OLD')",0,0.011,592.5,9.0
"('BLAME', 'SHAME')",0,0.014499999999999999,537.5,6.0
"('COW', 'HORSE')",0,0.076,544.5,8.0
"('BIRD', 'DOVE')",0,0.187,503.5,14.0
"('PAN', 'STOVE')",0,0.0205,545.5,5.0
"('LIGHTNING', 'SKY')",0,0.0105,536.0,17.0
"('LOVE', 'SONG')",0,0.01,611.0,203.0
"('HAPPY', 'LAUGH')",0,0.083,607.5,78.0
"('PILLOW', 'SOFT')",0,0.127,596.0,199.0
"('EMPTY', 'ZERO')",0,0.011,562.5,33.0
"('CHILD', 'MOTHER')",0,0.02,608.5,2.0
"('HARD', 'IRON')",0,0.0125,575.0,159.0
"('PUNISHMENT', 'WRONG')",0,0.0105,557.5,55.0
"('WIDOW', 'WIFE')",0,0.0135,535.0,15.0
"('CAN', 'CUP')",0,0.01,607.5,174.0
"('AIR', 'CLOUD')",0,0.034,580.5,36.0
"('ANKLE', 'BONE')",0,0.0175,542.0,20.0
"('BLANKET', 'SLEEP')",0,0.012,586.5,138.0
"('JUMP', 'SIT')",0,0.0085,566.0,12.0
"('FOREST', 'LAKE')",0,0.008,548.0,24.0
"('EAT', 'LOBSTER')",0,0.0065,500.5,104.0
"('PERSON', 'STRANGER')",0,0.0245,571.0,121.0
"('BASKET', 'CARRY')",0,0.007,519.5,242.0
"('BLANKET', 'WOOL')",0,0.007,551.5,14.0
"('PRISONER', 'WAR')",0,0.05,533.5,71.0
"('FOOL', 'STUPID')",0,0.073,550.5,3.0
"('EYE', 'NOSE')",0,0.0525,597.5,6.0
"('WATER', 'WELL')",0,0.1155,595.5,149.0
"('GROUND', 'HARD')",0,0.021,584.5,133.0
"('BODY', 'HEAD')",0,0.0275,610.5,35.0
"('LIFE', 'TIME')",0,0.0155,601.0,18.0
"('BITTER', 'COLD')",0,0.0505,576.0,48.0
"('STRING', 'TIE')",0,0.0195,562.5,2.0
"('HORSE', 'MEAT')",0,0.006,574.5,26.0
"('SIDE', 'STOMACH')",0,0.007,556.5,223.0
"('GUARD', 'SHIELD')",0,0.0205,484.0,59.0
"('BUSH', 'TREE')",0,0.21450000000000002,572.5,19.0
"('BALL', 'THROW')",0,0.1525,561.5,215.0
"('CRIME', 'PUNISHMENT')",0,0.1175,526.0,29.0
"('ARM', 'LEG')",0,0.5880000000000001,598.5,34.0
"('SKIN', 'WHITE')",0,0.0065,590.5,142.0
"('WHERE', 'WHY')",0,0.02,598.5,11.0
"('MOUTH', 'SPEECH')",0,0.0065,560.5,115.0
"('BOOT', 'LEG')",0,0.0205,577.5,31.0
"('BAY', 'SHORE')",0,0.0135,502.5,6.0
"('HOT', 'THIRSTY')",0,0.007,604.5,56.0
"('DEEP', 'VALLEY')",0,0.02,528.5,175.0
"('LONG', 'TAIL')",0,0.007,556.0,232.0
"('BLUE', 'WHITE')",0,0.007,591.5,13.0
"('SOUTH', 'WEST')",0,0.027,551.5,8.0
